{"cameraMode":{"drawMode":0,"name":"Shaded","section":"Shading Mode"},"sceneLighting":false,"audioPlay":false,"sceneViewState":{"showFog":true,"showMaterialUpdate":false,"showSkybox":false,"showFlares":true,"showImageEffects":true,"showParticleSystems":true},"in2DMode":false,"pivot":{"x":22.682790756225587,"y":-0.21251380443572999,"z":0.1403672695159912},"rotation":{"x":0.0036856760270893575,"y":0.9704358577728272,"z":-0.24088867008686067,"w":0.014849706552922726},"size":1.4660253524780274,"orthographic":false}