{"cameraMode":{"drawMode":0,"name":"Shaded","section":"Shading Mode"},"sceneLighting":false,"audioPlay":false,"sceneViewState":{"showFog":true,"showMaterialUpdate":false,"showSkybox":false,"showFlares":true,"showImageEffects":true,"showParticleSystems":true},"in2DMode":false,"pivot":{"x":8.146041870117188,"y":1.612246036529541,"z":3.5067484378814699},"rotation":{"x":-0.5881971120834351,"y":-0.000717438175342977,"z":0.0005471674376167357,"w":-0.8087522387504578},"size":10.0,"orthographic":false}